2Nested-2, 1065 
2Nested_false-termination_true-valid-meafety, 3271 
4NestedWith3Variables-2, 3155 
a.09_assume, 680 
a.09_assume_false-no-overflow, 670 
AliasDarteFeautrierGonnord-SAS2010-exmini, 3985 
AliasDarteFeautrierGonnord-SAS2010-terminate, 4054 
b.03_assume, 726 
b.03_assume_false-no-overflow, 1559 
b.03-no-inv_assume, 619 
b.04, 676 
Bangalore-1, 615 
Bangalore-2, 618 
Bangalore_v2, 618 
Bangalore_v3, 621 
Bangalore_v4, 623 
Benghazi_nondet-1, 1324 
Cairo, 3376 
Cairo_step2-2, 3319 
ChenFlurMukhopadhyay-SAS2012-Ex2.01, 1162 
ChenFlurMukhopadhyay-SAS2012-Ex2.02, 2970 
ChenFlurMukhopadhyay-SAS2012-Ex2.07, 668 
ChenFlurMukhopadhyay-SAS2012-Ex2.08, 1641 
ChenFlurMukhopadhyay-SAS2012-Ex2.10, 665 
ChenFlurMukhopadhyay-SAS2012-Ex2.11, 3197 
ChenFlurMukhopadhyay-SAS2012-Ex2.12, 623 
ChenFlurMukhopadhyay-SAS2012-Ex2.13, 602 
ChenFlurMukhopadhyay-SAS2012-Ex2.14, 614 
ChenFlurMukhopadhyay-SAS2012-Ex2.15, 612 
ChenFlurMukhopadhyay-SAS2012-Ex2.16, 2686 
ChenFlurMukhopadhyay-SAS2012-Ex3.01, 3173 
ChenFlurMukhopadhyay-SAS2012-Ex3.02, 616 
ChenFlurMukhopadhyay-SAS2012-Ex3.03, 1199 
ChenFlurMukhopadhyay-SAS2012-Ex3.04, 1054 
ChenFlurMukhopadhyay-SAS2012-Ex3.05, 1055 
ChenFlurMukhopadhyay-SAS2012-Ex4.01, 1610 
ColonSipma-TACAS2001-Fig1, 4005 
ComplInterv_false-no-overflow_false-termination, 3332 
ConvLower, 614 
CookSeeZuleger-TACAS2013-Fig1, 614 
CookSeeZuleger-TACAS2013-Fig8a, 3463 
CookSeeZuleger-TACAS2013-Fig8a-modified, 3669 
CookSeeZuleger-TACAS2013-Fig8b, 618 
Copenhagen, 676 
Copenhagen_disj-1, 4583 
Cousot_false-no-overflow_false-termination, 4106 
DoubleNeg_false-no-overflow_false-termination, 3011 
Even_false-no-overflow_false-termination, 3862 
Ex01_false-no-overflow_false-termination, 2262 
Ex02, 641 
Ex04_false-no-overflow_false-termination, 3355 
Ex07, 625 
GulavaniGulwani-CAV2008-Fig1a, 3410 
GulavaniGulwani-CAV2008-Fig1c, 736 
Hanoi_2vars, 3033 
Hanoi_3vars, 3573 
Hanoi_plus, 3300 
LeikeHeizmann-TACAS2014-Ex1, 663 
LeikeHeizmann-TACAS2014-Ex9, 654 
LeikeHeizmann-TACAS2014-Fig1, 1152 
LeikeHeizmann-WST2014-Ex5, 2813 
LeikeHeizmann-WST2014-Ex6, 2653 
Marbie1_false-no-overflow_false-termination, 2119 
Marbie2_false-no-overflow_false-termination, 3347 
Masse-VMCAI2014-Ex6, 2824 
Middle_false-no-overflow_false-termination, 4196 
NonTermination1, 2369 
NonTerminationSimple2, 2358 
NonTerminationSimple3, 621 
Overflow_false-no-overflow_true-termination, 3360 
Parallel, 3810 
PastaA10, 4360 
PastaA4, 744 
PastaA5_false-no-overflow_true-termination, 2839 
PastaA6_false-no-overflow_true-termination, 720 
PastaA7, 2863 
PastaA8_false-no-overflow_true-termination, 680 
PastaB11_false-no-overflow_true-termination, 712 
PastaB1, 2782 
PastaB2, 673 
PastaB4, 677 
PastaB6, 645 
PastaB7, 2899 
PastaC3, 3297 
PastaC7, 666 
PastaC7_false-no-overflow, 705 
PodelskiRybalchenko-TACAS2011-Fig1, 647 
Sunset, 2020 
TrueDiv_false-no-overflow_false-termination, 3401 
TwoFloatInterv, 627 
Urban-WST2013-Fig1, 617 
Waldkirch, 650 
WhileDecr, 640 
WhileIncr_false-no-overflow_false-termination, 643 
WhileIncrPart_false-no-overflow_false-termination, 2133 
WhilePart, 635 
WhileSingle, 622 
WhileTrueInc_false-no-overflow_false-termination, 3338 
