ChenFlurMukhopadhyay-SAS2012-Ex2.10.bpl.log,Y
LeikeHeizmann-TACAS2014-Fig1.bpl.log,U
CookSeeZuleger-TACAS2013-Fig1.bpl.log,U
Benghazi_nondet-1.bpl.log,U
Ex07.bpl.log,N
PastaB1.bpl.log,Y
Ex04_false-no-overflow_false-termination.bpl.log,U
PodelskiRybalchenko-TACAS2011-Fig1.bpl.log,Y
b.04.bpl.log,Y
PastaC3.bpl.log,U
PastaA10.bpl.log,U
Waldkirch.bpl.log,Y
Overflow_false-no-overflow_true-termination.bpl.log,U
ChenFlurMukhopadhyay-SAS2012-Ex2.11.bpl.log,U
WhileDecr.bpl.log,Y
NonTermination1.bpl.log,U
Urban-WST2013-Fig1.bpl.log,N
PastaA8_false-no-overflow_true-termination.bpl.log,Y
PastaC7_false-no-overflow.bpl.log,Y
a.09_assume.bpl.log,Y
Hanoi_2vars.bpl.log,U
GulavaniGulwani-CAV2008-Fig1a.bpl.log,U
WhilePart.bpl.log,N
Copenhagen_disj-1.bpl.log,U
AliasDarteFeautrierGonnord-SAS2010-terminate.bpl.log,U
WhileTrueInc_false-no-overflow_false-termination.bpl.log,U
WhileIncrPart_false-no-overflow_false-termination.bpl.log,U
ChenFlurMukhopadhyay-SAS2012-Ex2.12.bpl.log,N
ChenFlurMukhopadhyay-SAS2012-Ex2.07.bpl.log,Y
CookSeeZuleger-TACAS2013-Fig8a.bpl.log,U
TrueDiv_false-no-overflow_false-termination.bpl.log,U
Marbie1_false-no-overflow_false-termination.bpl.log,U
PastaA5_false-no-overflow_true-termination.bpl.log,Y
ChenFlurMukhopadhyay-SAS2012-Ex3.03.bpl.log,U
ChenFlurMukhopadhyay-SAS2012-Ex2.13.bpl.log,U
GulavaniGulwani-CAV2008-Fig1c.bpl.log,Y
b.03-no-inv_assume.bpl.log,N
b.03_assume.bpl.log,Y
a.09_assume_false-no-overflow.bpl.log,Y
CookSeeZuleger-TACAS2013-Fig8b.bpl.log,N
Even_false-no-overflow_false-termination.bpl.log,U
Bangalore-1.bpl.log,N
ChenFlurMukhopadhyay-SAS2012-Ex2.14.bpl.log,N
ChenFlurMukhopadhyay-SAS2012-Ex4.01.bpl.log,U
Bangalore_v3.bpl.log,N
Ex01_false-no-overflow_false-termination.bpl.log,U
Cousot_false-no-overflow_false-termination.bpl.log,U
TwoFloatInterv.bpl.log,U
ChenFlurMukhopadhyay-SAS2012-Ex2.16.bpl.log,U
2Nested_false-termination_true-valid-memsafety.bpl.log,U
Bangalore_v4.bpl.log,N
ChenFlurMukhopadhyay-SAS2012-Ex3.01.bpl.log,U
ColonSipma-TACAS2001-Fig1.bpl.log,U
PastaB4.bpl.log,Y
DoubleNeg_false-no-overflow_false-termination.bpl.log,U
WhileIncr_false-no-overflow_false-termination.bpl.log,U
ComplInterv_false-no-overflow_false-termination.bpl.log,U
Masse-VMCAI2014-Ex6.bpl.log,U
AliasDarteFeautrierGonnord-SAS2010-exmini.bpl.log,U
Middle_false-no-overflow_false-termination.bpl.log,U
ChenFlurMukhopadhyay-SAS2012-Ex3.05.bpl.log,U
ChenFlurMukhopadhyay-SAS2012-Ex3.02.bpl.log,N
PastaA4.bpl.log,Y
Bangalore-2.bpl.log,N
NonTerminationSimple2.bpl.log,U
Hanoi_3vars.bpl.log,U
CookSeeZuleger-TACAS2013-Fig8a-modified.bpl.log,U
PastaA6_false-no-overflow_true-termination.bpl.log,Y
4NestedWith3Variables-2.bpl.log,U
ChenFlurMukhopadhyay-SAS2012-Ex2.02.bpl.log,U
WhileSingle.bpl.log,N
PastaC7.bpl.log,Y
ConvLower.bpl.log,N
Marbie2_false-no-overflow_false-termination.bpl.log,U
PastaB7.bpl.log,U
Parallel.bpl.log,U
ChenFlurMukhopadhyay-SAS2012-Ex3.04.bpl.log,U
Bangalore_v2.bpl.log,N
LeikeHeizmann-WST2014-Ex6.bpl.log,U
Copenhagen.bpl.log,Y
Cairo_step2-2.bpl.log,U
b.03_assume_false-no-overflow.bpl.log,Y
LeikeHeizmann-WST2014-Ex5.bpl.log,U
PastaB2.bpl.log,Y
LeikeHeizmann-TACAS2014-Ex1.bpl.log,Y
LeikeHeizmann-TACAS2014-Ex9.bpl.log,Y
Hanoi_plus.bpl.log,U
Cairo.bpl.log,U
ChenFlurMukhopadhyay-SAS2012-Ex2.15.bpl.log,N
Sunset.bpl.log,U
PastaA7.bpl.log,U
2Nested-2.bpl.log,U
ChenFlurMukhopadhyay-SAS2012-Ex2.01.bpl.log,U
PastaB6.bpl.log,Y
ChenFlurMukhopadhyay-SAS2012-Ex2.08.bpl.log,U
Ex02.bpl.log,N
NonTerminationSimple3.bpl.log,N
PastaB11_false-no-overflow_true-termination.bpl.log,Y
