2Nested-2, 4835 
2Nested_false-termination_true-valid-meafety, 47165 
4NestedWith3Variables-2, 25028 
a.09_assume, 3302 
a.09_assume_false-no-overflow, 3254 
AliasDarteFeautrierGonnord-SAS2010-exmini, 31164 
AliasDarteFeautrierGonnord-SAS2010-terminate, 31053 
b.03_assume, 2712 
b.03_assume_false-no-overflow, 4506 
b.03-no-inv_assume, 781 
b.04, 3340 
Bangalore-1, 771 
Bangalore_v2, 774 
Bangalore_v3, 850 
Bangalore_v4, 788 
Cairo, 13118 
Cairo_step2-2, 13242 
ChenFlurMukhopadhyay-SAS2012-Ex2.01, 4654 
ChenFlurMukhopadhyay-SAS2012-Ex2.02, 44964 
ChenFlurMukhopadhyay-SAS2012-Ex2.07, 2425 
ChenFlurMukhopadhyay-SAS2012-Ex2.08, 5174 
ChenFlurMukhopadhyay-SAS2012-Ex2.10, 880 
ChenFlurMukhopadhyay-SAS2012-Ex2.11, 12243 
ChenFlurMukhopadhyay-SAS2012-Ex2.12, 775 
ChenFlurMukhopadhyay-SAS2012-Ex2.13, 4315 
ChenFlurMukhopadhyay-SAS2012-Ex2.14, 783 
ChenFlurMukhopadhyay-SAS2012-Ex2.15, 777 
ChenFlurMukhopadhyay-SAS2012-Ex2.16, 4474 
ChenFlurMukhopadhyay-SAS2012-Ex3.02, 796 
ChenFlurMukhopadhyay-SAS2012-Ex3.03, 14944 
ChenFlurMukhopadhyay-SAS2012-Ex3.04, 62935 
ChenFlurMukhopadhyay-SAS2012-Ex3.05, 8362 
ColonSipma-TACAS2001-Fig1, 26783 
ComplInterv_false-no-overflow_false-termination, 5608 
ConvLower, 781 
CookSeeZuleger-TACAS2013-Fig1, 777 
CookSeeZuleger-TACAS2013-Fig8a, 5530 
CookSeeZuleger-TACAS2013-Fig8a-modified, 7973 
CookSeeZuleger-TACAS2013-Fig8b, 773 
Copenhagen, 3060 
Copenhagen_disj-1, 45982 
Cousot_false-no-overflow_false-termination, 41569 
DoubleNeg_false-no-overflow_false-termination, 79380 
Even_false-no-overflow_false-termination, 34731 
Ex01_false-no-overflow_false-termination, 12615 
Ex02, 786 
Ex04_false-no-overflow_false-termination, 13216 
Ex07, 776 
GulavaniGulwani-CAV2008-Fig1c, 3754 
Hanoi_2vars, 47288 
Hanoi_3vars, 158484 
Hanoi_plus, 56876 
LeikeHeizmann-TACAS2014-Ex1, 898 
LeikeHeizmann-TACAS2014-Ex9, 2209 
LeikeHeizmann-TACAS2014-Fig1, 4599 
LeikeHeizmann-WST2014-Ex5, 28120 
LeikeHeizmann-WST2014-Ex6, 66143 
Marbie1_false-no-overflow_false-termination, 12649 
Marbie2_false-no-overflow_false-termination, 13182 
Masse-VMCAI2014-Ex6, 7936 
Middle_false-no-overflow_false-termination, 70131 
NonTermination1, 12756 
NonTerminationSimple2, 12558 
NonTerminationSimple3, 773 
Overflow_false-no-overflow_true-termination, 13218 
PastaA10, 16631 
PastaA4, 4812 
PastaA5_false-no-overflow_true-termination, 3841 
PastaA6_false-no-overflow_true-termination, 3745 
PastaA7, 8047 
PastaA8_false-no-overflow_true-termination, 2724 
PastaB11_false-no-overflow_true-termination, 2414 
PastaB1, 4426 
PastaB2, 2719 
PastaB4, 3377 
PastaB6, 855 
PastaB7, 7333 
PastaC3, 36557 
PastaC7, 885 
PastaC7_false-no-overflow, 951 
PodelskiRybalchenko-TACAS2011-Fig1, 871 
Sunset, 5720 
TrueDiv_false-no-overflow_false-termination, 5268 
TwoFloatInterv, 781 
Urban-WST2013-Fig1, 780 
Waldkirch, 861 
WhileDecr, 853 
WhileIncr_false-no-overflow_false-termination, 848 
WhileIncrPart_false-no-overflow_false-termination, 4701 
WhilePart, 797 
WhileSingle, 771 
WhileTrueInc_false-no-overflow_false-termination, 13030 
