2Nested-2.bpl.log,U
2Nested_false-termination_true-valid-memsafety.bpl.log,U
4NestedWith3Variables-2.bpl.log,U
a.09_assume.bpl.log,U
a.09_assume_false-no-overflow.bpl.log,U
aaron2-2.bpl.log,U
aaron3-2.bpl.log,U
AliasDarteFeautrierGonnord-SAS2010-aaron2.bpl.log,U
AliasDarteFeautrierGonnord-SAS2010-aaron3.bpl.log,U
AliasDarteFeautrierGonnord-SAS2010-complex.bpl.log,U
AliasDarteFeautrierGonnord-SAS2010-counterex1a.bpl.log,U
AliasDarteFeautrierGonnord-SAS2010-counterex1b.bpl.log,U
AliasDarteFeautrierGonnord-SAS2010-Fig2a.bpl.log,U
AliasDarteFeautrierGonnord-SAS2010-Fig2b.bpl.log,U
AliasDarteFeautrierGonnord-SAS2010-nestedLoop-1.bpl.log,U
AliasDarteFeautrierGonnord-SAS2010-nestedLoop-2.bpl.log,U
AliasDarteFeautrierGonnord-SAS2010-random1d-1.bpl.log,U
AliasDarteFeautrierGonnord-SAS2010-random1d-2.bpl.log,U
AliasDarteFeautrierGonnord-SAS2010-rsd.bpl.log,U
AliasDarteFeautrierGonnord-SAS2010-speedpldi2.bpl.log,N
AliasDarteFeautrierGonnord-SAS2010-speedpldi3.bpl.log,U
AliasDarteFeautrierGonnord-SAS2010-speedpldi4.bpl.log,N
AliasDarteFeautrierGonnord-SAS2010-terminate.bpl.log,U
AliasDarteFeautrierGonnord-SAS2010-wise.bpl.log,U
Arrays01-EquivalentConstantIndices-2.bpl.log,U
Arrays02-EquivalentConstantIndices.bpl.log,U
Arrays03-ValueRestictsIndex-1.bpl.log,E
b.03-no-inv_assume.bpl.log,N
b.03-no-inv_assume_false-no-overflow.bpl.log,N
b.03_assume.bpl.log,U
b.03_assume_false-no-overflow.bpl.log,U
b.04.bpl.log,U
b.05_false-no-overflow.bpl.log,Y
b.18.bpl.log,U
Bangalore-1.bpl.log,N
AliasDarteFeautrierGonnord-SAS2010-exmini.bpl.log,U
AliasDarteFeautrierGonnord-SAS2010-wcet2.bpl.log,U
Bangalore-2.bpl.log,N
Cairo_nondet.bpl.log,U
ChenFlurMukhopadhyay-SAS2012-Ex1.04_true-termination.bpl.log,Y
ChenFlurMukhopadhyay-SAS2012-Ex2.14.bpl.log,N
ColonSipma-TACAS2001-Fig1.bpl.log,U
Et2_false-no-overflow_false-termination.bpl.log,U
GulavaniGulwani-CAV2008-Fig1c.bpl.log,U
LeikeHeizmann-WST2014-Ex6.bpl.log,U
NonTerminationSimple4.bpl.log,U
PastaA9_false-no-overflow_true-termination.bpl.log,N
PastaC2_false-no-overflow_true-termination.bpl.log,U
Singapore-1.bpl.log,U
Bangalore_v2.bpl.log,N
Bangalore_v3.bpl.log,N
Bangalore_v4.bpl.log,N
Ben-Amram-LMCS2010-Ex2.3.bpl.log,Y
Benghazi_nondet-1.bpl.log,U
BradleyMannaSipma-CAV2005-Fig1-modified.bpl.log,N
BradleyMannaSipma-CAV2005-Fig1.bpl.log,N
BrockschmidtCookFuhs-CAV2013-Fig1.bpl.log,U
BrockschmidtCookFuhs-CAV2013-Fig9a.bpl.log,N
c.01_assume.bpl.log,U
c.01_assume_false-no-overflow.bpl.log,U
Cairo.bpl.log,U
Cairo_step2-2.bpl.log,U
ChawdharyCookGulwaniSagivYang-ESOP2008-aaron1.bpl.log,U
ChawdharyCookGulwaniSagivYang-ESOP2008-aaron12.bpl.log,U
ChawdharyCookGulwaniSagivYang-ESOP2008-aaron2.bpl.log,U
ChawdharyCookGulwaniSagivYang-ESOP2008-aaron3.bpl.log,U
ChawdharyCookGulwaniSagivYang-ESOP2008-aaron4.bpl.log,U
ChawdharyCookGulwaniSagivYang-ESOP2008-aaron6.bpl.log,U
ChawdharyCookGulwaniSagivYang-ESOP2008-random1d.bpl.log,U
ChenFlurMukhopadhyay-SAS2012-Ex1.02.bpl.log,Y
ChenFlurMukhopadhyay-SAS2012-Ex1.02_true-termination.bpl.log,Y
ChenFlurMukhopadhyay-SAS2012-Ex1.04.bpl.log,Y
ChenFlurMukhopadhyay-SAS2012-Ex1.05.bpl.log,Y
ChenFlurMukhopadhyay-SAS2012-Ex1.05_true-termination.bpl.log,Y
ChenFlurMukhopadhyay-SAS2012-Ex2.01.bpl.log,U
ChenFlurMukhopadhyay-SAS2012-Ex2.02.bpl.log,U
ChenFlurMukhopadhyay-SAS2012-Ex2.05.bpl.log,E
ChenFlurMukhopadhyay-SAS2012-Ex2.07.bpl.log,U
ChenFlurMukhopadhyay-SAS2012-Ex2.08.bpl.log,U
ChenFlurMukhopadhyay-SAS2012-Ex2.10.bpl.log,Y
ChenFlurMukhopadhyay-SAS2012-Ex2.11.bpl.log,U
ChenFlurMukhopadhyay-SAS2012-Ex2.12.bpl.log,N
ChenFlurMukhopadhyay-SAS2012-Ex2.13.bpl.log,U
ChenFlurMukhopadhyay-SAS2012-Ex2.15.bpl.log,N
ChenFlurMukhopadhyay-SAS2012-Ex2.16.bpl.log,U
ChenFlurMukhopadhyay-SAS2012-Ex2.20.bpl.log,Y
ChenFlurMukhopadhyay-SAS2012-Ex3.01.bpl.log,U
ChenFlurMukhopadhyay-SAS2012-Ex3.02.bpl.log,N
ChenFlurMukhopadhyay-SAS2012-Ex3.03.bpl.log,U
ChenFlurMukhopadhyay-SAS2012-Ex3.04.bpl.log,U
ChenFlurMukhopadhyay-SAS2012-Ex3.05.bpl.log,U
ChenFlurMukhopadhyay-SAS2012-Ex3.09.bpl.log,Y
ChenFlurMukhopadhyay-SAS2012-Ex3.09_true-termination.bpl.log,Y
ChenFlurMukhopadhyay-SAS2012-Ex4.01.bpl.log,U
Collatz.bpl.log,E
ComplInterv_false-no-overflow_false-termination.bpl.log,U
ConvLower.bpl.log,N
CookSeeZuleger-TACAS2013-Fig1.bpl.log,U
CookSeeZuleger-TACAS2013-Fig7a.bpl.log,U
CookSeeZuleger-TACAS2013-Fig7b.bpl.log,U
CookSeeZuleger-TACAS2013-Fig8a-modified.bpl.log,U
CookSeeZuleger-TACAS2013-Fig8a.bpl.log,U
CookSeeZuleger-TACAS2013-Fig8b.bpl.log,N
Copenhagen.bpl.log,U
Copenhagen_disj-1.bpl.log,U
Cousot_false-no-overflow_false-termination.bpl.log,U
Division-2.bpl.log,U
DoubleNeg_false-no-overflow_false-termination.bpl.log,U
Et4_false-no-overflow_false-termination.bpl.log,U
Even_false-no-overflow_false-termination.bpl.log,U
Ex01_false-no-overflow_false-termination.bpl.log,U
Ex02.bpl.log,N
Ex04_false-no-overflow_false-termination.bpl.log,U
Ex07.bpl.log,N
GCD-1.bpl.log,N
GCD2.bpl.log,N
GCD4.bpl.log,U
Gothenburg-2.bpl.log,U
Gothenburg_v2-2.bpl.log,U
GulavaniGulwani-CAV2008-Fig1a.bpl.log,U
GulavaniGulwani-CAV2008-Fig1b.bpl.log,U
GulwaniJainKoskinen-PLDI2009-Fig1.bpl.log,U
Hanoi_2vars.bpl.log,U
Hanoi_3vars.bpl.log,U
Hanoi_plus.bpl.log,U
HeizmannHoenickeLeikePodelski-ATVA2013-Fig6.bpl.log,Y
HeizmannHoenickeLeikePodelski-ATVA2013-Fig8.bpl.log,U
HeizmannHoenickeLeikePodelski-ATVA2013-Fig9.bpl.log,U
KroeningSharyginaTsitovichWintersteiger-CAV2010-Ex.bpl.log,U
LeikeHeizmann-TACAS2014-Ex1.bpl.log,Y
LeikeHeizmann-TACAS2014-Ex8.bpl.log,Y
LeikeHeizmann-TACAS2014-Ex9.bpl.log,U
LeikeHeizmann-TACAS2014-Fig1.bpl.log,U
LeikeHeizmann-WST2014-Ex5.bpl.log,U
LeikeHeizmann-WST2014-Ex9.bpl.log,E
Lobnya-Boolean-Reordered-1.bpl.log,U
Marbie1_false-no-overflow_false-termination.bpl.log,U
Marbie2_false-no-overflow_false-termination.bpl.log,U
Masse-VMCAI2014-Ex6.bpl.log,U
Middle_false-no-overflow_false-termination.bpl.log,U
min_rf.bpl.log,U
Mysore-1.bpl.log,U
NonTermination1.bpl.log,U
NonTermination2.bpl.log,Y
NonTermination3_false-termination_true-valid-memsafety.bpl.log,U
NonTerminationSimple2.bpl.log,U
NonTerminationSimple3.bpl.log,N
NonTerminationSimple5.bpl.log,U
NonTerminationSimple7.bpl.log,N
NonTerminationSimple9.bpl.log,U
Nyala-2lex-1.bpl.log,U
Nyala-2lex-2.bpl.log,U
Overflow_false-no-overflow_true-termination.bpl.log,U
Parallel.bpl.log,U
PastaA1.bpl.log,U
PastaA10.bpl.log,U
PastaA4.bpl.log,U
PastaA5_false-no-overflow_true-termination.bpl.log,U
PastaA6_false-no-overflow_true-termination.bpl.log,U
PastaA7.bpl.log,U
PastaA8_false-no-overflow_true-termination.bpl.log,U
PastaB1.bpl.log,U
PastaB11_false-no-overflow_true-termination.bpl.log,U
PastaB14.bpl.log,U
PastaB15.bpl.log,U
PastaB16.bpl.log,U
PastaB17.bpl.log,U
PastaB2.bpl.log,U
PastaB3_false-no-overflow_true-termination.bpl.log,N
PastaB4.bpl.log,U
PastaB6.bpl.log,Y
PastaB7.bpl.log,U
PastaC10_false-no-overflow_false-termination.bpl.log,U
PastaC1_false-no-overflow_true-termination.bpl.log,N
PastaC3.bpl.log,U
PastaC7.bpl.log,U
PastaC7_false-no-overflow.bpl.log,U
PastaC9.bpl.log,Y
Piecewise.bpl.log,Y
PodelskiRybalchenko-LICS2004-Fig1.bpl.log,N
PodelskiRybalchenko-LICS2004-Fig2-TACAS2011-Fig3.bpl.log,U
PodelskiRybalchenko-LICS2004-Fig2.bpl.log,E
PodelskiRybalchenko-TACAS2011-Fig1.bpl.log,Y
PodelskiRybalchenko-TACAS2011-Fig2.bpl.log,U
PodelskiRybalchenko-TACAS2011-Fig3.bpl.log,E
PodelskiRybalchenko-TACAS2011-Fig4.bpl.log,U
Pure2Phase-2.bpl.log,U
Pure3Phase-2.bpl.log,U
Singapore_plus.bpl.log,U
Singapore_v1.bpl.log,U
Singapore_v2.bpl.log,U
Stockholm-2.bpl.log,N
Sunset.bpl.log,U
TelAviv-Amir-Minimum.bpl.log,U
TrueDiv_false-no-overflow_false-termination.bpl.log,U
TwoFloatInterv.bpl.log,U
Urban-WST2013-Fig1.bpl.log,N
Urban-WST2013-Fig2-modified1000.bpl.log,U
Urban-WST2013-Fig2.bpl.log,U
UrbanMine-ESOP2014-Fig3.bpl.log,U
Waldkirch.bpl.log,Y
WhileDecr.bpl.log,Y
WhileIncrPart_false-no-overflow_false-termination.bpl.log,U
WhileIncr_false-no-overflow_false-termination.bpl.log,U
WhileNestedOffset_false-no-overflow_false-termination.bpl.log,U
WhileNested_false-no-overflow_false-termination.bpl.log,U
WhilePart.bpl.log,N
WhileSingle.bpl.log,N
WhileTrueInc_false-no-overflow_false-termination.bpl.log,U
